{"mean_": [31161.509317960692, 31227.097908741274, 31094.759521950287, 31161.817553544657, 31160.75098194786, 31018.734282779275, 31162.158502628692, 28.251262665165118, 31442.50797292388, 30858.313378126128, 31163.428779862446, 111.96601252617164, 31154.34743332234, 31885.72250692145, 30372.950657902973, 31184.724611125268, 661.091239490206, 31160.302710034117, 31128.284949518315, 31160.302035149416, 31153.55266598969, 31128.169702911582, 132.6897979253253, 31462.829770267814, 30854.408080178793, 2.363504947904777, 31308.652104830195, 31475.402986557987, 30817.026281042123, 31425.97594259061, 30868.422719053924, 31475.06246090373, 30816.690264038116, 31134.199605801074, 31191.673213681708, 0.09411081833860184, 0.09545126172887966, 31093.121050807396, 31226.013298785252, 0.18956208006748151, 0.039795718097656106, 31146.214633800046, 0.5322270151541092, 0.46753913802391084, 7.064494443025267, 1.607354903175249e-05, 0.32117692500672457, 0.08907058415771298, 0.3211784390769042], "scale_": [25084.329165168852, 25132.051476790715, 25035.284807805016, 25084.461274745456, 25082.876333385815, 24981.16948231527, 25083.585038257293, 279.77515977213835, 25284.45179548222, 24867.151351062454, 25084.440557787275, 1091.5203652345117, 25071.820979546384, 25593.984602663688, 24510.491452997958, 25087.71220865963, 6247.320031832912, 25083.224043741615, 25059.097139742145, 25082.94796870396, 25076.702720515692, 25053.90979250992, 141.8363854147228, 25298.667656157828, 24869.236704630912, 145.92635984948168, 25187.88600155674, 25305.71746165943, 24841.34202459221, 25276.586024917426, 24876.49797382731, 25305.56724370355, 24841.190891717677, 25068.03515125954, 25105.436493857393, 0.2919828286222335, 0.2938372310706126, 25034.170730816808, 25133.735245113734, 0.39195445892089464, 0.19547894750777633, 25071.695078627843, 0.49896033859842687, 0.49894517979410247, 68.05865725297882, 0.004277578748957852, 0.2842869558987889, 0.2848455988698382, 0.2842873418059838], "var_": [629223569.6665406, 631620011.4320585, 626765485.4079126, 629230197.4442043, 629150685.1559262, 624058828.7041597, 629186238.3714852, 78274.14002552553, 639303502.598064, 618375216.3166473, 629229158.0971631, 1191416.707721682, 628596207.2304223, 655052047.8413858, 600764191.267486, 629393303.8645294, 39029007.58014077, 629168128.4285374, 627958349.459033, 629154278.8007101, 628841019.3331192, 627698395.8912244, 20117.560227513786, 640022585.1767262, 618478934.2709614, 21294.502498920418, 634429601.227418, 640379336.249335, 617092273.5827711, 638905801.075051, 618840151.4418343, 640371733.5256021, 617084764.9187573, 628406386.344784, 630282941.5471065, 0.08525397221024057, 0.0863403183632446, 626709704.179685, 631704647.3714722, 0.1536282978679713, 0.03821201891874798, 628589894.1156917, 0.2489614194942568, 0.24894629243976926, 4631.980827078447, 1.8297679953535823e-05, 0.08081907329419995, 0.08113701519551676, 0.08081929271111228], "n_features_in_": 49, "feature_names_in_": ["Open", "High", "Low", "Close", "H1_Open", "H1_Low", "H1_Close", "H1_Volume", "H4_High", "H4_Low", "H4_Close", "H4_Volume", "Daily_Open", "Daily_High", "Daily_Low", "Daily_Close", "Daily_Volume", "SMA_10", "SMA_200", "EMA_10", "EMA_50", "EMA_200", "ATR_14", "BB_Upper", "BB_Lower", "MACD", "Swing_Low", "Rolling_High", "Rolling_Low", "Prev_Swing_High", "Prev_Swing_Low", "Prev_Highs", "Prev_Lows", "FVG_Low", "FVG_High", "Bullish_OB", "Bearish_OB", "OB_Low", "OB_High", "OB_Mitigated", "Breaker_Block", "Fair_Value_Mid", "Is_Premium", "Is_Discount", "Avg_Volume", "Log_Returns", "HV", "Doji", "HV_lag1"]}